{
    "jsonrpc": "2.0",
    "method": "LMT_split_text",
    "params": {
        "texts": [
            "衆園の森に配達にいった仲間が、不審者を見たっていうんだ。アルカソーダラ族に似た姿をしていたらしいんだけど……配達員に危険が及ばないか心配でさ……。"
        ],
        "lang": {
            "lang_user_selected": "auto",
            "preference": {
                "weight": {
                    "DE": 0.22077,
                    "EN": 0.45817,
                    "ES": 0.13747,
                    "FR": 0.16123,
                    "IT": 0.08882,
                    "JA": 0.06999,
                    "NL": 0.07578,
                    "PL": 0.04461,
                    "PT": 0.03692,
                    "RU": 0.02984,
                    "ZH": 0.39843,
                    "BG": 0.01196,
                    "CS": 0.02998,
                    "DA": 0.05325,
                    "EL": 0.00809,
                    "ET": 0.05124,
                    "FI": 0.03851,
                    "HU": 0.02819,
                    "LT": 0.0206,
                    "LV": 0.02248,
                    "RO": 0.01947,
                    "SK": 0.02695,
                    "SL": 0.0165,
                    "SV": 0.03953,
                    "TR": 0.02106,
                    "ID": 0.02169
                },
                "default": "default"
            }
        }
    },
    "id": 50920014
}
